sol,min_temp
10,-75.0
11,-76.0
12,-76.0
13,-74.0
14,-74.0
15,-78.0
16,-77.0
17,-76.0
21,-74.0
22,-74.0
23,-75.0
24,-75.0
25,-75.0
26,-76.0
27,-75.0
28,-75.0
29,-75.0
30,-74.0
31,-74.0
33,-73.0
34,-73.0
35,-73.0
36,-73.0
37,-73.0
38,-73.0
39,-75.0
40,-75.0
41,-75.0
42,-75.0
43,-74.0
44,-75.0
45,-74.0
46,-74.0
47,-75.0
48,-75.0
49,-74.0
50,-72.0
51,-76.0
52,-74.0
53,-71.0
54,-72.0
55,-74.0
56,-73.0
57,-73.0
58,-74.0
59,-76.0
60,-75.0
61,-72.0
62,-72.0
63,-73.0
64,-74.0
65,-72.0
66,-73.0
67,-73.0
68,-71.0
69,-73.0
70,-72.0
71,-71.0
72,-73.0
73,-70.0
74,-72.0
75,-73.0
76,-73.0
77,-71.0
78,-71.0
79,-73.0
80,-70.0
81,-72.0
82,-72.0
83,-72.0
84,-70.0
85,-71.0
86,-71.0
87,-70.0
88,-70.0
89,-73.0
90,-71.0
91,-74.0
92,-74.0
93,-72.0
94,-70.0
95,-68.0
96,-71.0
97,-68.0
98,-68.0
99,-68.0
100,-66.0
101,-65.0
102,-67.0
103,-66.0
104,-67.0
105,-66.0
106,-66.0
107,-66.0
108,-65.0
109,-64.0
110,-65.0
111,-66.0
112,-65.0
113,-66.0
114,-69.0
115,-66.0
116,-67.0
117,-66.0
118,-65.0
119,-66.0
120,-67.0
121,-66.0
122,-65.0
123,-66.0
124,-66.0
125,-68.0
126,-66.0
127,-67.0
128,-67.0
129,-65.0
130,-65.0
131,-65.0
132,-65.0
133,-65.0
134,-67.0
135,-65.0
136,-65.0
137,-64.0
138,-65.0
139,-66.0
140,-66.0
141,-64.0
142,-65.0
143,-63.0
144,-64.0
145,-64.0
146,-65.0
147,-65.0
148,-65.0
149,-65.0
150,-64.0
151,-65.0
152,-63.0
153,-65.0
154,-65.0
155,-64.0
156,-65.0
157,-64.0
158,-66.0
159,-65.0
160,-67.0
161,-65.0
162,-65.0
163,-65.0
164,-64.0
165,-65.0
166,-65.0
167,-65.0
168,-66.0
169,-66.0
170,-66.0
171,-67.0
172,-67.0
173,-67.0
174,-67.0
175,-68.0
176,-67.0
177,-66.0
178,-66.0
179,-66.0
180,-67.0
181,-67.0
182,-67.0
183,-67.0
184,-67.0
185,-67.0
186,-66.0
187,-67.0
188,-68.0
189,-68.0
190,-66.0
191,-67.0
196,-66.0
197,-68.0
198,-67.0
199,-66.0
223,-71.0
224,-69.0
225,-71.0
226,-70.0
227,-70.0
228,-71.0
229,-69.0
230,-69.0
231,-71.0
232,-69.0
233,-69.0
234,-69.0
235,-70.0
236,-72.0
237,-71.0
238,-70.0
239,-73.0
240,-70.0
241,-72.0
242,-70.0
243,-71.0
244,-69.0
245,-70.0
246,-73.0
247,-71.0
248,-70.0
249,-69.0
250,-70.0
251,-71.0
252,-71.0
253,-71.0
254,-70.0
255,-69.0
256,-70.0
257,-70.0
258,-71.0
259,-72.0
260,-70.0
261,-70.0
268,-70.0
269,-72.0
270,-67.0
271,-69.0
272,-71.0
273,-70.0
274,-70.0
275,-67.0
276,-69.0
277,-69.0
278,-67.0
279,-68.0
280,-69.0
281,-68.0
282,-72.0
283,-68.0
284,-71.0
285,-70.0
286,-71.0
287,-72.0
288,-69.0
289,-71.0
290,-71.0
291,-70.0
292,-71.0
293,-72.0
294,-72.0
295,-71.0
296,-71.0
297,-72.0
298,-72.0
299,-71.0
300,-72.0
301,-73.0
302,-71.0
303,-71.0
304,-70.0
305,-71.0
306,-71.0
307,-72.0
308,-73.0
309,-72.0
310,-71.0
311,-74.0
312,-71.0
313,-77.0
314,-73.0
315,-74.0
316,-74.0
317,-72.0
318,-74.0
319,-73.0
320,-74.0
321,-75.0
322,-74.0
323,-74.0
324,-75.0
325,-74.0
326,-72.0
327,-74.0
328,-75.0
329,-74.0
330,-75.0
331,-74.0
332,-76.0
333,-75.0
334,-74.0
335,-76.0
336,-76.0
337,-75.0
338,-78.0
339,-76.0
340,-76.0
341,-77.0
342,-76.0
343,-77.0
344,-77.0
345,-77.0
346,-76.0
347,-77.0
348,-74.0
349,-75.0
350,-76.0
351,-75.0
352,-77.0
353,-75.0
354,-75.0
355,-75.0
356,-77.0
357,-76.0
366,-76.0
367,-76.0
368,-77.0
369,-75.0
370,-79.0
371,-77.0
372,-76.0
373,-79.0
374,-79.0
375,-77.0
376,-78.0
377,-78.0
378,-78.0
379,-79.0
380,-79.0
381,-79.0
382,-76.0
383,-77.0
384,-77.0
385,-78.0
386,-77.0
387,-78.0
388,-79.0
389,-79.0
390,-78.0
391,-78.0
392,-77.0
393,-76.0
394,-79.0
395,-77.0
396,-78.0
397,-75.0
398,-79.0
399,-79.0
400,-79.0
401,-79.0
402,-78.0
403,-80.0
404,-78.0
405,-82.0
406,-81.0
407,-81.0
408,-80.0
409,-81.0
410,-81.0
411,-82.0
412,-80.0
413,-82.0
414,-79.0
415,-82.0
416,-79.0
417,-82.0
418,-79.0
419,-82.0
420,-80.0
421,-81.0
422,-82.0
423,-81.0
424,-81.0
425,-81.0
426,-79.0
427,-81.0
428,-81.0
429,-82.0
430,-82.0
431,-83.0
432,-80.0
433,-81.0
434,-80.0
435,-81.0
436,-81.0
437,-82.0
438,-79.0
439,-80.0
440,-80.0
441,-81.0
442,-80.0
443,-81.0
455,-84.0
456,-83.0
463,-86.0
464,-84.0
465,-85.0
466,-85.0
467,-84.0
468,-85.0
469,-85.0
470,-85.0
471,-84.0
472,-84.0
473,-86.0
474,-84.0
475,-85.0
476,-85.0
477,-85.0
486,-84.0
487,-85.0
488,-87.0
489,-85.0
490,-87.0
491,-86.0
492,-86.0
493,-84.0
494,-85.0
495,-86.0
496,-85.0
497,-86.0
498,-86.0
499,-84.0
500,-85.0
501,-86.0
502,-87.0
503,-86.0
504,-85.0
505,-85.0
506,-86.0
507,-85.0
508,-83.0
509,-86.0
510,-85.0
511,-85.0
512,-86.0
513,-86.0
514,-86.0
515,-86.0
516,-86.0
517,-86.0
518,-85.0
519,-86.0
520,-86.0
521,-87.0
522,-85.0
523,-85.0
524,-85.0
525,-87.0
526,-87.0
527,-86.0
528,-86.0
529,-87.0
530,-87.0
531,-87.0
532,-88.0
533,-87.0
534,-86.0
535,-88.0
536,-83.0
537,-83.0
538,-85.0
539,-85.0
540,-84.0
541,-84.0
542,-85.0
543,-84.0
544,-86.0
545,-85.0
546,-85.0
547,-85.0
548,-86.0
549,-87.0
550,-85.0
551,-85.0
552,-86.0
553,-84.0
554,-84.0
555,-85.0
556,-85.0
557,-85.0
558,-85.0
559,-85.0
560,-86.0
561,-85.0
562,-85.0
563,-87.0
564,-86.0
565,-85.0
566,-86.0
567,-86.0
568,-86.0
569,-85.0
570,-84.0
571,-84.0
572,-85.0
573,-84.0
574,-85.0
575,-82.0
576,-84.0
577,-84.0
578,-83.0
579,-82.0
580,-83.0
581,-84.0
582,-84.0
583,-82.0
584,-82.0
585,-83.0
586,-82.0
587,-85.0
588,-84.0
589,-85.0
590,-82.0
591,-82.0
592,-83.0
593,-83.0
594,-83.0
595,-83.0
596,-82.0
597,-84.0
598,-84.0
599,-84.0
600,-81.0
601,-82.0
602,-82.0
603,-83.0
604,-84.0
605,-83.0
606,-84.0
607,-83.0
608,-85.0
609,-84.0
610,-85.0
611,-84.0
612,-85.0
613,-84.0
614,-82.0
615,-83.0
616,-82.0
617,-84.0
618,-83.0
619,-82.0
620,-83.0
621,-82.0
622,-84.0
623,-83.0
624,-82.0
625,-81.0
626,-82.0
627,-82.0
628,-81.0
629,-84.0
630,-82.0
631,-81.0
632,-79.0
633,-81.0
634,-82.0
635,-82.0
636,-81.0
637,-80.0
638,-80.0
639,-80.0
640,-81.0
641,-81.0
642,-80.0
643,-80.0
644,-80.0
645,-81.0
646,-81.0
647,-79.0
648,-80.0
649,-79.0
650,-80.0
651,-80.0
652,-79.0
653,-80.0
654,-79.0
655,-77.0
656,-80.0
657,-79.0
658,-79.0
659,-77.0
660,-78.0
661,-76.0
662,-77.0
663,-77.0
664,-78.0
665,-78.0
666,-77.0
667,-76.0
668,-75.0
669,-84.0
670,-79.0
671,-79.0
672,-78.0
673,-78.0
674,-80.0
675,-80.0
676,-80.0
677,-78.0
678,-77.0
679,-77.0
680,-76.0
681,-79.0
682,-77.0
683,-79.0
684,-75.0
685,-77.0
686,-76.0
687,-77.0
688,-77.0
689,-76.0
690,-77.0
691,-76.0
692,-76.0
693,-76.0
694,-75.0
695,-76.0
696,-75.0
697,-74.0
698,-77.0
699,-76.0
700,-75.0
701,-77.0
702,-76.0
703,-75.0
704,-75.0
705,-76.0
706,-76.0
707,-76.0
708,-76.0
709,-73.0
710,-77.0
711,-75.0
712,-77.0
713,-76.0
714,-76.0
715,-73.0
716,-75.0
717,-76.0
718,-77.0
719,-77.0
720,-74.0
721,-73.0
722,-74.0
723,-73.0
724,-74.0
725,-73.0
726,-75.0
727,-76.0
728,-74.0
729,-75.0
730,-76.0
731,-75.0
732,-75.0
733,-74.0
734,-73.0
735,-73.0
736,-76.0
737,-74.0
738,-75.0
739,-77.0
740,-76.0
741,-70.0
742,-72.0
743,-72.0
744,-75.0
745,-74.0
746,-76.0
747,-73.0
748,-71.0
749,-73.0
750,-72.0
751,-72.0
752,-71.0
753,-73.0
754,-73.0
755,-74.0
756,-73.0
757,-73.0
758,-71.0
759,-77.0
760,-70.0
761,-72.0
762,-75.0
763,-78.0
764,-73.0
765,-73.0
766,-70.0
767,-71.0
768,-73.0
769,-73.0
770,-70.0
771,-71.0
772,-71.0
773,-70.0
774,-73.0
775,-71.0
776,-72.0
777,-72.0
778,-70.0
779,-71.0
780,-72.0
781,-74.0
782,-71.0
783,-69.0
784,-69.0
785,-74.0
786,-74.0
787,-73.0
788,-68.0
789,-68.0
790,-68.0
791,-70.0
792,-71.0
793,-71.0
794,-68.0
795,-68.0
796,-65.0
797,-65.0
798,-67.0
799,-70.0
800,-67.0
801,-70.0
802,-69.0
803,-69.0
804,-73.0
805,-70.0
806,-69.0
807,-71.0
808,-67.0
809,-70.0
810,-69.0
811,-71.0
812,-75.0
813,-67.0
814,-68.0
815,-69.0
816,-74.0
817,-69.0
818,-68.0
819,-71.0
820,-68.0
821,-68.0
822,-71.0
823,-69.0
824,-67.0
825,-67.0
826,-68.0
827,-68.0
828,-71.0
829,-71.0
830,-68.0
831,-68.0
832,-68.0
833,-69.0
834,-68.0
835,-69.0
836,-69.0
837,-69.0
838,-69.0
839,-70.0
840,-74.0
841,-75.0
842,-69.0
843,-69.0
844,-68.0
845,-73.0
846,-74.0
847,-69.0
848,-69.0
849,-69.0
850,-68.0
851,-68.0
852,-73.0
853,-67.0
854,-66.0
855,-69.0
856,-68.0
857,-76.0
858,-73.0
859,-72.0
860,-69.0
861,-70.0
862,-70.0
863,-72.0
864,-70.0
865,-70.0
866,-71.0
867,-71.0
868,-71.0
869,-72.0
870,-74.0
871,-70.0
872,-72.0
881,-73.0
882,-76.0
883,-74.0
884,-71.0
885,-71.0
886,-73.0
887,-73.0
888,-70.0
889,-70.0
890,-72.0
891,-72.0
892,-71.0
893,-72.0
894,-75.0
895,-72.0
896,-70.0
897,-72.0
898,-72.0
899,-75.0
900,-70.0
901,-71.0
902,-68.0
903,-71.0
904,-71.0
905,-71.0
906,-76.0
907,-75.0
908,-71.0
909,-70.0
910,-73.0
911,-70.0
912,-75.0
913,-71.0
914,-71.0
915,-71.0
916,-71.0
917,-76.0
918,-71.0
919,-74.0
920,-72.0
921,-70.0
922,-73.0
923,-72.0
924,-74.0
925,-71.0
926,-76.0
927,-76.0
928,-72.0
929,-75.0
930,-75.0
931,-69.0
932,-71.0
933,-71.0
934,-73.0
935,-75.0
936,-72.0
937,-73.0
940,-73.0
941,-74.0
942,-74.0
943,-73.0
944,-70.0
945,-72.0
946,-77.0
947,-70.0
948,-73.0
949,-72.0
950,-73.0
951,-75.0
952,-69.0
953,-71.0
954,-73.0
958,-74.0
959,-78.0
960,-76.0
961,-71.0
962,-73.0
963,-71.0
964,-72.0
965,-75.0
966,-73.0
967,-74.0
968,-71.0
969,-72.0
970,-71.0
971,-71.0
972,-73.0
973,-72.0
974,-73.0
975,-73.0
976,-75.0
977,-75.0
978,-73.0
979,-79.0
980,-73.0
981,-73.0
982,-74.0
983,-76.0
984,-74.0
985,-78.0
986,-74.0
987,-74.0
988,-75.0
989,-74.0
990,-76.0
991,-73.0
992,-73.0
993,-73.0
994,-79.0
995,-74.0
996,-72.0
997,-74.0
998,-73.0
1000,-74.0
1001,-79.0
1002,-77.0
1003,-74.0
1004,-74.0
1005,-75.0
1006,-78.0
1007,-79.0
1008,-79.0
1009,-75.0
1010,-74.0
1011,-78.0
1012,-81.0
1013,-80.0
1014,-77.0
1015,-75.0
1016,-76.0
1017,-78.0
1018,-79.0
1019,-81.0
1020,-63.0
1021,-76.0
1022,-75.0
1023,-76.0
1024,-76.0
1025,-74.0
1026,-78.0
1028,-75.0
1029,-75.0
1030,-77.0
1031,-76.0
1032,-74.0
1033,-77.0
1034,-76.0
1035,-77.0
1036,-76.0
1037,-80.0
1038,-76.0
1039,-77.0
1040,-77.0
1041,-77.0
1042,-76.0
1043,-77.0
1044,-79.0
1045,-80.0
1046,-77.0
1047,-77.0
1048,-78.0
1049,-75.0
1050,-76.0
1051,-76.0
1052,-78.0
1053,-79.0
1054,-77.0
1055,-77.0
1056,-76.0
1057,-78.0
1058,-78.0
1059,-78.0
1060,-78.0
1061,-77.0
1062,-77.0
1063,-79.0
1064,-77.0
1065,-78.0
1066,-78.0
1067,-79.0
1068,-76.0
1069,-77.0
1070,-80.0
1071,-78.0
1072,-78.0
1073,-82.0
1074,-77.0
1075,-77.0
1076,-81.0
1077,-79.0
1078,-80.0
1079,-80.0
1080,-77.0
1081,-77.0
1082,-79.0
1083,-80.0
1084,-78.0
1085,-79.0
1086,-77.0
1087,-78.0
1088,-77.0
1089,-76.0
1090,-78.0
1091,-77.0
1092,-79.0
1093,-77.0
1094,-80.0
1095,-79.0
1096,-79.0
1097,-78.0
1098,-77.0
1099,-78.0
1100,-79.0
1101,-80.0
1102,-84.0
1103,-81.0
1104,-79.0
1105,-78.0
1106,-82.0
1107,-79.0
1108,-78.0
1109,-82.0
1110,-81.0
1111,-79.0
1112,-80.0
1113,-79.0
1114,-79.0
1115,-80.0
1116,-79.0
1117,-79.0
1118,-80.0
1119,-81.0
1120,-80.0
1121,-81.0
1122,-79.0
1123,-79.0
1124,-80.0
1125,-79.0
1126,-79.0
1127,-80.0
1128,-79.0
1129,-80.0
1130,-81.0
1131,-81.0
1132,-82.0
1133,-82.0
1134,-80.0
1135,-81.0
1136,-82.0
1137,-81.0
1138,-82.0
1139,-80.0
1140,-81.0
1141,-82.0
1142,-82.0
1143,-82.0
1144,-82.0
1145,-82.0
1146,-82.0
1147,-80.0
1148,-80.0
1149,-81.0
1150,-82.0
1151,-82.0
1152,-80.0
1153,-82.0
1154,-84.0
1155,-84.0
1156,-84.0
1157,-82.0
1158,-82.0
1159,-82.0
1160,-80.0
1161,-83.0
1162,-84.0
1163,-86.0
1164,-86.0
1165,-84.0
1166,-84.0
1167,-84.0
1168,-84.0
1169,-89.0
1170,-85.0
1171,-87.0
1172,-87.0
1173,-87.0
1174,-85.0
1175,-85.0
1176,-84.0
1177,-84.0
1178,-86.0
1179,-85.0
1180,-86.0
1181,-86.0
1182,-85.0
1183,-86.0
1184,-85.0
1185,-84.0
1186,-86.0
1187,-84.0
1188,-90.0
1189,-87.0
1190,-87.0
1191,-87.0
1192,-86.0
1193,-84.0
1194,-84.0
1195,-86.0
1196,-86.0
1197,-85.0
1198,-86.0
1199,-86.0
1200,-84.0
1201,-85.0
1202,-85.0
1203,-85.0
1204,-84.0
1205,-86.0
1206,-85.0
1207,-85.0
1208,-85.0
1209,-85.0
1210,-85.0
1211,-83.0
1212,-86.0
1213,-84.0
1214,-85.0
1215,-85.0
1216,-86.0
1217,-88.0
1218,-86.0
1219,-87.0
1220,-87.0
1221,-87.0
1222,-87.0
1223,-88.0
1224,-88.0
1225,-87.0
1226,-87.0
1227,-88.0
1228,-88.0
1229,-88.0
1230,-88.0
1231,-88.0
1232,-88.0
1233,-88.0
1234,-88.0
1235,-88.0
1236,-87.0
1237,-88.0
1238,-87.0
1239,-89.0
1240,-87.0
1241,-87.0
1242,-87.0
1243,-86.0
1244,-85.0
1245,-86.0
1246,-85.0
1247,-85.0
1248,-86.0
1249,-85.0
1250,-85.0
1251,-85.0
1252,-85.0
1253,-85.0
1254,-84.0
1255,-84.0
1256,-84.0
1257,-84.0
1258,-83.0
1259,-84.0
1260,-83.0
1261,-81.0
1262,-81.0
1263,-84.0
1264,-84.0
1265,-81.0
1266,-82.0
1267,-83.0
1268,-83.0
1269,-83.0
1270,-82.0
1271,-84.0
1272,-81.0
1273,-79.0
1274,-82.0
1275,-82.0
1276,-83.0
1277,-84.0
1278,-83.0
1279,-83.0
1280,-84.0
1281,-83.0
1282,-81.0
1283,-82.0
1284,-80.0
1285,-80.0
1286,-80.0
1287,-80.0
1288,-80.0
1291,-80.0
1292,-81.0
1293,-81.0
1294,-79.0
1295,-79.0
1296,-79.0
1297,-80.0
1298,-79.0
1299,-80.0
1300,-79.0
1301,-78.0
1302,-80.0
1303,-78.0
1304,-80.0
1305,-80.0
1306,-79.0
1307,-80.0
1308,-81.0
1309,-81.0
1310,-76.0
1311,-78.0
1312,-77.0
1313,-77.0
1314,-78.0
1315,-77.0
1316,-80.0
1317,-80.0
1318,-80.0
1319,-78.0
1320,-77.0
1321,-77.0
1322,-78.0
1323,-77.0
1324,-78.0
1325,-78.0
1326,-77.0
1327,-76.0
1328,-77.0
1329,-74.0
1330,-78.0
1331,-76.0
1332,-78.0
1333,-76.0
1334,-77.0
1335,-77.0
1336,-75.0
1337,-76.0
1338,-75.0
1339,-77.0
1340,-76.0
1341,-76.0
1342,-80.0
1343,-74.0
1344,-75.0
1345,-75.0
1346,-75.0
1347,-75.0
1348,-76.0
1349,-73.0
1350,-73.0
1351,-72.0
1352,-73.0
1353,-76.0
1354,-75.0
1355,-75.0
1356,-74.0
1357,-72.0
1358,-74.0
1359,-76.0
1360,-76.0
1361,-75.0
1362,-74.0
1363,-75.0
1364,-74.0
1365,-74.0
1366,-75.0
1367,-74.0
1368,-74.0
1369,-73.0
1370,-74.0
1371,-75.0
1372,-74.0
1373,-74.0
1374,-75.0
1375,-73.0
1376,-75.0
1377,-76.0
1378,-76.0
1379,-77.0
1380,-74.0
1381,-73.0
1382,-76.0
1383,-73.0
1384,-74.0
1385,-75.0
1386,-74.0
1387,-74.0
1388,-73.0
1398,-66.0
1399,-73.0
1400,-73.0
1401,-73.0
1402,-75.0
1403,-75.0
1404,-75.0
1405,-75.0
1406,-76.0
1407,-74.0
1408,-75.0
1409,-74.0
1410,-72.0
1411,-72.0
1412,-78.0
1413,-72.0
1414,-73.0
1415,-72.0
1416,-72.0
1417,-70.0
1418,-73.0
1419,-73.0
1420,-71.0
1421,-72.0
1422,-72.0
1423,-71.0
1424,-72.0
1425,-72.0
1426,-71.0
1427,-72.0
1428,-72.0
1429,-70.0
1430,-69.0
1431,-69.0
1432,-71.0
1433,-70.0
1434,-70.0
1435,-71.0
1436,-72.0
1437,-71.0
1438,-68.0
1439,-71.0
1440,-70.0
1441,-74.0
1442,-68.0
1443,-69.0
1444,-69.0
1445,-69.0
1446,-70.0
1447,-74.0
1448,-69.0
1449,-71.0
1450,-69.0
1451,-71.0
1452,-74.0
1453,-73.0
1454,-69.0
1455,-70.0
1456,-69.0
1457,-69.0
1458,-69.0
1459,-71.0
1460,-70.0
1461,-69.0
1462,-68.0
1463,-68.0
1464,-71.0
1465,-68.0
1466,-67.0
1467,-69.0
1468,-70.0
1469,-72.0
1470,-70.0
1471,-71.0
1472,-68.0
1473,-67.0
1474,-68.0
1475,-72.0
1476,-69.0
1477,-72.0
1478,-68.0
1479,-66.0
1480,-68.0
1481,-70.0
1482,-68.0
1483,-68.0
1484,-68.0
1485,-71.0
1486,-71.0
1487,-68.0
1488,-69.0
1489,-68.0
1490,-66.0
1491,-69.0
1492,-68.0
1493,-70.0
1494,-70.0
1495,-71.0
1496,-72.0
1497,-68.0
1498,-68.0
1499,-69.0
1500,-70.0
1501,-69.0
1502,-69.0
1503,-70.0
1504,-69.0
1505,-69.0
1506,-71.0
1507,-70.0
1508,-70.0
1509,-70.0
1510,-70.0
1511,-77.0
1512,-78.0
1513,-74.0
1514,-73.0
1515,-76.0
1516,-71.0
1517,-76.0
1518,-78.0
1519,-72.0
1520,-73.0
1521,-71.0
1522,-71.0
1523,-77.0
1524,-76.0
1525,-74.0
1526,-72.0
1527,-71.0
1528,-72.0
1529,-73.0
1530,-71.0
1531,-76.0
1532,-72.0
1533,-72.0
1534,-73.0
1535,-73.0
1536,-71.0
1537,-74.0
1538,-73.0
1539,-74.0
1540,-72.0
1541,-76.0
1542,-73.0
1543,-74.0
1544,-71.0
1545,-73.0
1546,-73.0
1547,-75.0
1548,-76.0
1549,-76.0
1550,-71.0
1551,-71.0
1552,-74.0
1553,-77.0
1554,-70.0
1555,-71.0
1556,-72.0
1557,-70.0
1558,-72.0
1559,-76.0
1560,-76.0
1561,-77.0
1562,-73.0
1563,-75.0
1564,-70.0
1565,-72.0
1566,-76.0
1567,-70.0
1568,-71.0
1569,-70.0
1570,-71.0
1571,-70.0
1572,-81.0
1573,-74.0
1574,-72.0
1575,-73.0
1576,-72.0
1577,-72.0
1578,-74.0
1579,-73.0
1580,-72.0
1581,-72.0
1582,-74.0
1583,-75.0
1584,-77.0
1585,-76.0
1586,-72.0
1587,-73.0
1588,-72.0
1589,-72.0
1590,-76.0
1591,-73.0
1592,-71.0
1593,-72.0
1594,-74.0
1595,-71.0
1596,-74.0
1597,-73.0
1598,-70.0
1599,-72.0
1600,-71.0
1601,-71.0
1602,-77.0
1603,-76.0
1604,-77.0
1605,-73.0
1606,-75.0
1607,-77.0
1608,-72.0
1609,-71.0
1613,-72.0
1614,-73.0
1615,-73.0
1616,-73.0
1617,-72.0
1618,-71.0
1619,-73.0
1620,-70.0
1621,-73.0
1622,-71.0
1623,-71.0
1624,-72.0
1625,-71.0
1626,-71.0
1627,-72.0
1628,-71.0
1629,-74.0
1630,-77.0
1631,-77.0
1632,-72.0
1633,-75.0
1634,-72.0
1635,-73.0
1636,-72.0
1637,-73.0
1638,-73.0
1639,-71.0
1640,-72.0
1641,-72.0
1642,-72.0
1643,-74.0
1644,-74.0
1645,-74.0
1646,-74.0
1647,-73.0
1648,-73.0
1649,-74.0
1650,-75.0
1651,-77.0
1652,-76.0
1653,-75.0
1654,-75.0
1655,-76.0
1656,-75.0
1657,-75.0
1658,-77.0
1659,-77.0
1660,-74.0
1661,-75.0
1662,-75.0
1663,-74.0
1664,-74.0
1665,-76.0
1666,-76.0
1667,-76.0
1668,-77.0
1669,-74.0
1670,-76.0
1671,-76.0
1672,-74.0
1673,-75.0
1674,-75.0
1675,-75.0
1676,-76.0
1677,-74.0
1678,-74.0
1679,-75.0
1680,-74.0
1681,-74.0
1682,-76.0
1683,-75.0
1684,-75.0
1685,-77.0
1686,-75.0
1687,-75.0
1688,-76.0
1689,-75.0
1690,-76.0
1692,-62.0
1693,-76.0
1694,-76.0
1695,-77.0
1696,-75.0
1697,-77.0
1698,-77.0
1699,-76.0
1700,-76.0
1701,-76.0
1702,-75.0
1703,-76.0
1704,-77.0
1705,-76.0
1706,-77.0
1707,-77.0
1708,-76.0
1709,-76.0
1710,-76.0
1711,-75.0
1712,-77.0
1713,-75.0
1714,-77.0
1715,-77.0
1716,-76.0
1717,-76.0
1718,-77.0
1719,-77.0
1720,-76.0
1721,-76.0
1722,-77.0
1723,-76.0
1724,-77.0
1725,-79.0
1726,-76.0
1727,-75.0
1728,-76.0
1729,-76.0
1730,-77.0
1731,-78.0
1732,-78.0
1733,-77.0
1734,-78.0
1735,-78.0
1736,-77.0
1737,-78.0
1738,-78.0
1739,-77.0
1740,-78.0
1741,-78.0
1742,-77.0
1743,-78.0
1744,-78.0
1745,-78.0
1746,-76.0
1747,-79.0
1748,-79.0
1749,-76.0
1750,-77.0
1751,-78.0
1752,-80.0
1753,-76.0
1754,-78.0
1755,-77.0
1756,-78.0
1757,-78.0
1758,-78.0
1759,-77.0
1760,-78.0
1761,-77.0
1762,-77.0
1763,-78.0
1764,-79.0
1765,-77.0
1766,-79.0
1767,-77.0
1768,-78.0
1769,-76.0
1770,-79.0
1771,-79.0
1772,-78.0
1773,-78.0
1774,-79.0
1775,-80.0
1776,-79.0
1777,-79.0
1778,-81.0
1779,-78.0
1780,-77.0
1781,-78.0
1782,-78.0
1783,-79.0
1784,-80.0
1785,-77.0
1787,-79.0
1788,-79.0
1789,-79.0
1790,-81.0
1791,-79.0
1792,-80.0
1793,-80.0
1794,-80.0
1795,-81.0
1796,-80.0
1797,-79.0
1798,-79.0
1799,-78.0
1800,-80.0
1801,-80.0
1802,-79.0
1803,-78.0
1804,-78.0
1805,-78.0
1806,-80.0
1807,-78.0
1808,-79.0
1809,-80.0
1810,-78.0
1811,-79.0
1812,-79.0
1813,-80.0
1814,-80.0
1815,-81.0
1816,-82.0
1817,-80.0
1818,-81.0
1819,-82.0
1820,-79.0
1821,-81.0
1822,-78.0
1823,-80.0
1824,-80.0
1825,-80.0
1826,-80.0
1827,-80.0
1828,-80.0
1829,-78.0
1830,-80.0
1831,-80.0
1832,-84.0
1833,-81.0
1834,-80.0
1835,-80.0
1836,-81.0
1837,-81.0
1838,-79.0
1839,-80.0
1840,-77.0
1841,-77.0
1842,-79.0
1843,-80.0
1844,-81.0
1845,-80.0
1846,-80.0
1847,-80.0
1848,-80.0
1849,-80.0
1850,-80.0
1851,-87.0
1852,-80.0
1853,-80.0
1854,-80.0
1855,-78.0
1856,-80.0
1857,-80.0
1858,-81.0
1859,-79.0
1860,-80.0
1861,-79.0
1862,-81.0
1863,-80.0
1864,-82.0
1865,-80.0
1866,-80.0
1867,-78.0
1868,-80.0
1869,-81.0
1870,-81.0
1871,-80.0
1872,-79.0
1873,-79.0
1874,-80.0
1875,-79.0
1876,-79.0
1877,-79.0
1878,-79.0
1879,-79.0
1880,-79.0
1881,-79.0
1882,-78.0
1883,-78.0
1884,-79.0
1885,-79.0
1886,-79.0
1887,-79.0
1888,-79.0
1889,-80.0
1890,-79.0
1891,-80.0
1892,-81.0
1893,-79.0
1894,-79.0
1895,-78.0
1896,-79.0
1897,-80.0
1898,-81.0
1899,-81.0
1900,-81.0
1901,-81.0
1902,-79.0
1903,-78.0
1904,-79.0
1905,-80.0
1906,-79.0
1907,-79.0
1908,-79.0
1909,-80.0
1910,-80.0
1911,-79.0
1912,-80.0
1913,-79.0
1914,-78.0
1915,-78.0
1916,-79.0
1917,-80.0
1918,-77.0
1919,-77.0
1920,-77.0
1921,-78.0
1922,-79.0
1923,-77.0
1924,-78.0
1925,-79.0
1926,-80.0
1927,-79.0
1928,-78.0
1929,-79.0
1930,-79.0
1931,-79.0
1932,-79.0
1933,-78.0
1934,-79.0
1935,-80.0
1936,-79.0
1937,-80.0
1938,-78.0
1939,-78.0
1940,-77.0
1941,-77.0
1942,-78.0
1943,-78.0
1944,-80.0
1945,-78.0
1946,-79.0
1947,-78.0
1948,-78.0
1949,-78.0
1950,-79.0
1951,-77.0
1952,-80.0
1953,-78.0
1954,-77.0
1955,-77.0
1956,-79.0
1957,-77.0
1958,-77.0
1959,-78.0
1960,-78.0
1961,-77.0
1962,-78.0
1963,-77.0
1964,-76.0
1965,-76.0
1966,-77.0
1967,-76.0
1968,-76.0
1969,-76.0
1970,-77.0
1971,-78.0
1972,-78.0
1973,-78.0
1974,-77.0
1975,-76.0
1976,-77.0
1977,-77.0
